tx;orden_id
435c2f96-ab0c-4cb0-a99d-495525176cdf;1176316774
9988b597-c4bf-4a04-9a21-c12502f9275f;1176316483
2c143c55-7283-433b-89b6-dcfd3b613496;1176316479
368dd552-2fe5-4f71-80d1-c86ba987e760;1176316575
29999146-fba5-46a4-8a75-2f5f916e3ad6;1176316535
7715dcbf-97c0-4757-9b9a-fe1a6035faed;1176316569
3e2e0391-64ed-4876-9d33-3bddf891f425;1176316530
a45fd124-3ddb-45a2-a980-d1e0a8f55802;1176316529
ad0aac9c-9973-40fd-998d-742ebb2c6b17;1176316568
fa33fda4-e9d4-4304-9c46-7df7ba2f5ab1;1176316518
6a0a5e6b-6f9e-4820-b851-f68272a9c727;1176316565
dca61e58-5aef-4a57-af5f-fbda611dfa68;1176316467
a57f7658-97b3-4adf-8b16-ad59749bfd2a;1176316514
1e14d20d-4166-4446-88c4-5bf56c6aedaa;1176316457
46fec08b-7c23-4d1e-833b-464c60f69cf7;1176316431
0c138a93-01fd-43f6-b3bf-4c421bc9c10b;1176316333
723d092b-7830-4f8e-be23-6d6e1932eba4;1176316332
d2614c62-2cf5-49d2-b606-a18693347c80;1176316428
a3756f2e-b591-4594-ae97-442f051a9b39;1176316427
12774654-993c-475a-9eab-a9e47f3ce92f;1176316426
1eac9eb5-c522-430a-9c0e-9134d32b8b7e;1176316425
b86733fa-9626-4644-8640-8051a770aad7;1176316424
243ff4ee-a66c-4137-8be6-1e5f0035c5db;1176316423
ce5d427d-bda9-4148-abd3-cae3c51fa99f;1176316420
9beb7cfb-a281-42f6-a3e0-77371fe5e019;1176316329
2a0606dc-b5f5-46c0-a115-98e1afcc4736;1176316328
2f1e4269-2f6e-4f17-9265-5d1b70499ed7;1176316327
a9ad08cd-5de5-4895-89af-ba4060354891;1176316325
432de027-15f3-4102-b10c-498015eb0c9d;1176316379
7f016699-7009-4216-b941-ab2ce957ee37;1176316415
82aeb7b1-8f90-41d7-954f-5a053bd800eb;1176314903
3e780f5f-4deb-4cd3-b506-a3ab2ab5124b;1176314729
67ee0fd3-d058-46ac-bfb6-868f2613e247;1176314713
a13003f5-4641-49d8-a50e-f3df32b9af4b;1417226073
2018b131-5f3e-4a31-980f-274a28d0795b;1417226036
be72ba9a-74e8-45f8-a0c3-59353a23d867;1417226035
b82df052-f4bb-4d4c-952d-a8e7da39899f;1417226031
1880cff7-e403-426c-bd8b-625716b086a8;1417226046
b81b6e47-69f4-4b85-94a7-5694a71a7e2f;1417226041
18771124-94d6-437f-b985-d7259cd95bcd;1417225923
a9d471ad-148d-4a2d-a62b-9e0e33af33d4;1417225789
4243baca-fd95-4495-a6c3-4486cd2d01d4;1417225735
4a1a16c5-fb04-4845-b040-56522a0e1073;1417225780
cfd5da8e-eb6e-44b1-90d4-135bcb37a22f;1417225729
a77934c4-10af-4db5-ac36-e006ab5f6a75;1417225666
9f918871-d670-47a7-b1a7-dac070ae7414;1417225456
5683e9fc-44c0-477c-84e3-4cd92ac544b1;1417225410
5da99b0f-537a-4059-9aa1-a5c90d632d60;1417225301
3a5b0b43-6e05-4742-a884-51ae694ac0cf;1417225300
73536b3e-d7db-4d85-b2c2-75d4a633ac6e;1417225282
830eb855-b476-4914-bd13-af37c55038d4;1417225204
2cc236c8-16e3-42a4-9517-00fd0c725cd2;1417225007
20563186-9477-4eb3-9555-271af4bdff43;1417224843
bd0a306a-d2c3-4cca-a153-587d5d17b10b;1417224789
f5fe19d9-a772-4750-ad12-07d6aef0568a;1417224841
dd8ee2ce-6a04-49e9-86a5-8e3e1f4a0051;1417224768
dc658b95-e847-4a41-bbb1-603839814847;1417224698
e472163f-7318-4c85-824d-999f114fcb60;1417224664
cdfd932f-af15-4cf8-bcd6-0d6cedc45db0;1417223821
51081bf5-af57-4bca-bdc1-759e4cd01950;1416817094
